{"SpeedTestUpload": 5.196677154619582, "SpeedTestDownload": 12.7370895539217, "SpeedTestLatency": 160.45}