{"SpeedTestUploadauto-py-to-exe": 26.736118304453957, "SpeedTestDownload": 16.918905517315206, "SpeedTestLatency": 17.336}